{
    "A fresh verification link has been sent to your email address.": "Un nuovo link di verifica è stato inviato al tuo indirizzo email.",
    "Confirm Password": "Conferma Password",
    "E-Mail Address": "Indirizzo E-Mail",
    "Error": "Errore",
    "Forgot Your Password?": "Hai smarrito la password?",
    "Go Home": "Vai alla Home",
    "hi": "ciao",
    "If you did not request a password reset, no further action is required.": "Se non hai richiesto un reset della password, non è richiesta alcuna azione.",
    "Login": "Accedi",
    "Logout": "Esci",
    "Name": "Nome",
    "Oh no": "Oh no",
    "Page Expired": "Pagina scaduta",
    "Page Not Found": "Pagina non trovata",
    "Password": "Password",
    "Register": "Registrati",
    "Remember Me": "Ricordami",
    "Reset Password": "Reset password",
    "Reset Password Notification": "Notifica di reset della password",
    "Send Password Reset Link": "Invia link per il reset della password",
    "Service Unavailable": "Servizio non disponibile",
    "Sorry, the page you are looking for could not be found.": "Siamo spiacenti, la pagina che stai cercando non è stata trovata.",
    "Sorry, you are making too many requests to our servers.": "Siamo spiacenti, stai eseguendo troppe richieste ai nostri server.",
    "Sorry, you are not authorized to access this page.": "Siamo spiacenti, non sei autorizzato ad accedere a questa pagina.",
    "Sorry, your session has expired. Please refresh and try again.": "Siamo spiacenti, la tua sessione è scaduta. Ricarica la pagina e prova di nuovo.",
    "Sorry, we are doing some maintenance. Please check back soon.": "Siamo spiacenti, siamo in fase di manutenzione. Torna presto.",
    "Too Many Requests": "Troppe richieste",
    "Unauthorized": "Non autorizzato",
    "Verify Your Email Address": "Verifica il tuo indirizzo Email",
    "You are receiving this email because we received a password reset request for your account.": "Hai ricevuto questa email perché abbiamo ricevuto una richiesta di reset della password per il tuo account."
  }
