{
  "A fresh verification link has been sent to your email address.": "新的验证链接已发送到您的 E-mail。",
  "All rights reserved.": "版本所有。",
  "Before proceeding, please check your email for a verification link.": "在继续之前请先验证您的 E-mail。",
  "click here to request another": "点击重新发送 E-mail",
  "Confirm Password": "确认密码",
  "E-Mail Address": "E-mail",
  "Error": "错误",
  "Forbidden": "访问被拒绝",
  "Forgot Your Password?": "忘记密码？",
  "Go Home": "回首页",
  "Hello!": "您好：",
  "hi": "嗨",
  "If you did not create an account, no further action is required.": "如果您未注册帐号，请忽略此邮件。",
  "If you did not receive the email": "如果您没有收到",
  "If you did not request a password reset, no further action is required.": "如果您未申请重设密码，请忽略此邮件。",
  "If you’re having trouble clicking the \":actionText\" button, copy and paste the URL below\ninto your web browser: [:actionURL](:actionURL)": "如果您点击「:actionText」按钮时出现问题，请复制下方链接到浏览器中开启： [:actionURL](:actionURL)",
  "Login": "登录",
  "Logout": "注销",
  "Name": "姓名",
  "Oh no": "不好了",
  "Page Expired": "页面逾时",
  "Page Not Found": "页面不存在",
  "Password": "密码",
  "Please click the button below to verify your email address.": "请点击下面按钮验证您的 E-mail：",
  "Regards": "致敬",
  "Register": "注册",
  "Remember Me": "记住我",
  "Reset Password": "重设密码",
  "Reset Password Notification": "重设密码通知",
  "Send Password Reset Link": "发送重设密码链接",
  "Service Unavailable": "暂时不提供服务",
  "Sorry, you are forbidden from accessing this page.": "很抱歉，你没有权限访问此页面。",
  "Sorry, the page you are looking for could not be found.": "很抱歉！您浏览的页面不存在。",
  "Sorry, you are making too many requests to our servers.": "很抱歉！您向我们的服务器发出太多请求了。",
  "Sorry, you are not authorized to access this page.": "很抱歉！您没有权限浏览此页面。",
  "Sorry, your session has expired. Please refresh and try again.": "很抱歉！您的 Session 已过期，请刷新后再试一次。",
  "Sorry, we are doing some maintenance. Please check back soon.": "很抱歉！我们正在维护网站，请稍候再回来。",
  "Toggle navigation": "切换导航",
  "Too Many Requests": "太多请求",
  "Unauthorized": "未授权",
  "Verify Email Address": "验证 E-mail",
  "Verify Your Email Address": "验证 E-mail",
  "You are receiving this email because we received a password reset request for your account.": "您收到此电子邮件是因为我们收到了您帐户的密码重设请求。",
  "Whoops!": "哎呦！",
  "Whoops, something went wrong on our servers.": "哎呀，我们的服务器出了问题。"
}
